V Grade,days outdoors,age,sex,height,weight,span,years climbing,years training,# pullups,# pushups,ape index,Weighted hang ratio,Weighted pull ratio
3.0,3.0,43,1.0,65.0,151.0,65.0,11.0,1.0,2.0,6.0,0.0,1.2450331125827814,1.0662251655629138
6.0,5.0,16,1.0,64.0,125.0,64.0,7.0,7.0,15.0,30.0,0.0,1.08,1.16
9.0,3.0,19,0.0,70.0,155.0,74.0,11.0,7.0,18.0,70.0,4.0,1.2258064516129032,1.5483870967741935
8.0,7.0,34,0.0,68.0,165.0,72.0,11.0,5.0,15.0,35.0,4.0,1.303030303030303,1.4242424242424243
8.0,5.0,30,1.0,68.0,142.0,70.0,7.0,3.0,5.0,7.0,2.0,1.2464788732394365,1.176056338028169
3.0,16.0,38,0.0,70.0,185.0,,11.0,5.0,8.0,12.0,,1.1621621621621623,1.2972972972972974
7.0,9.0,31,1.0,73.5,143.0,76.0,9.0,3.0,8.0,7.0,2.5,1.1748251748251748,1.1748251748251748
8.0,5.0,37,1.0,69.0,140.0,70.0,9.0,5.0,12.0,22.0,1.0,,
12.0,16.0,31,0.0,71.5,165.0,74.5,9.0,1.0,18.0,22.0,3.0,1.5454545454545454,1.6363636363636362
8.0,16.0,30,1.0,65.0,115.0,64.75,11.0,1.0,13.0,16.0,-0.25,1.2,1.4
4.0,3.0,36,1.0,67.0,136.0,64.0,9.0,1.0,0.0,0.0,-3.0,1.036764705882353,1.0
8.0,3.0,33,0.0,68.0,150.0,68.0,5.0,1.0,14.0,26.0,0.0,1.8266666666666667,1.6733333333333333
8.0,16.0,36,1.0,65.0,128.0,68.0,11.0,3.0,14.0,35.0,3.0,1.265625,1.546875
5.0,3.0,36,0.0,73.0,169.0,73.0,7.0,5.0,16.0,27.0,0.0,1.4319526627218935,1.5502958579881656
3.0,3.0,43,0.0,70.0,288.0,,1.0,1.0,0.0,10.0,,1.0,1.0
6.0,5.0,34,0.0,73.0,158.0,73.0,5.0,1.0,19.0,29.0,0.0,1.5063291139240507,1.5063291139240507
10.0,5.0,37,0.0,69.0,148.0,72.0,11.0,1.0,13.0,17.0,3.0,1.4054054054054055,1.4256756756756757
7.0,9.0,29,0.0,70.0,165.0,73.0,7.0,1.0,13.0,30.0,3.0,1.2727272727272727,1.4242424242424243
8.0,3.0,45,0.0,70.5,156.0,70.5,11.0,3.0,14.0,36.0,0.0,1.3012820512820513,1.4615384615384617
6.0,9.0,30,0.0,72.0,180.0,73.0,7.0,3.0,9.0,19.0,1.0,1.3333333333333333,1.35
8.0,3.0,29,0.0,66.0,136.0,67.0,5.0,1.0,15.0,19.0,1.0,1.4044117647058822,1.5882352941176472
4.0,0.0,39,1.0,63.0,128.0,65.0,1.0,1.0,3.0,10.0,2.0,,
8.0,9.0,30,0.0,71.0,195.0,75.0,9.0,1.0,6.0,21.0,4.0,,1.358974358974359
5.0,3.0,44,0.0,70.0,165.0,65.0,5.0,1.0,12.0,21.0,-5.0,1.2424242424242424,1.3333333333333333
13.0,5.0,32,0.0,70.0,155.0,73.0,11.0,11.0,16.0,35.0,3.0,1.6451612903225805,1.8064516129032258
3.0,3.0,39,1.0,63.0,125.0,62.0,7.0,3.0,8.0,15.0,-1.0,1.24,1.28
10.0,3.0,27,0.0,67.0,135.0,70.0,9.0,5.0,15.0,20.0,3.0,1.5555555555555556,1.5185185185185186
7.0,3.0,40,0.0,71.5,155.0,75.6,11.0,5.0,12.0,25.0,4.099999999999994,1.3483870967741935,1.3483870967741935
10.0,5.0,31,1.0,62.0,110.0,61.0,7.0,3.0,14.0,26.0,-1.0,1.5909090909090908,1.6363636363636362
7.0,3.0,38,0.0,69.0,160.0,72.0,11.0,11.0,11.0,33.0,3.0,1.25,1.21875
9.0,3.0,32,0.0,68.0,153.0,67.0,5.0,3.0,16.0,30.0,-1.0,1.6862745098039216,1.522875816993464
8.0,7.0,54,0.0,74.0,185.0,74.0,11.0,11.0,30.0,75.0,0.0,1.1891891891891893,1.6756756756756757
8.0,8.88888888888889,31,1.0,65.0,131.0,62.0,7.0,1.0,9.0,18.0,-3.0,1.1908396946564885,1.267175572519084
6.0,4.666666666666667,23,0.0,74.0,155.0,75.0,5.0,1.0,11.0,12.0,1.0,1.2580645161290323,1.3548387096774195
6.0,2.0833333333333335,38,0.0,71.0,168.0,71.0,11.0,1.0,22.0,37.0,0.0,1.505952380952381,1.5952380952380953
9.0,3.0,35,0.0,74.0,181.0,76.5,11.0,1.0,15.0,21.0,2.5,1.3591160220994476,1.3038674033149171
9.0,13.333333333333334,34,0.0,70.0,165.0,73.0,5.0,1.0,14.0,30.0,3.0,1.5636363636363635,1.4242424242424243
9.0,10.0,28,0.0,67.0,145.0,70.0,11.0,9.0,15.0,24.0,3.0,1.4827586206896552,1.4827586206896552
12.0,10.0,31,0.0,72.0,168.0,74.0,9.0,1.0,19.0,33.0,2.0,1.6428571428571428,1.6547619047619047
5.0,4.166666666666667,31,1.0,62.0,120.0,62.0,7.0,3.0,10.0,30.0,0.0,1.2916666666666667,1.3666666666666667
8.0,10.0,31,1.0,65.0,120.0,64.0,11.0,1.0,12.0,18.0,-1.0,1.2083333333333333,1.4166666666666667
9.0,11.11111111111111,40,,66.0,141.0,69.0,11.0,3.0,12.0,20.0,3.0,,
9.0,3.3333333333333335,28,0.0,64.0,130.0,64.0,5.0,3.0,10.0,22.0,0.0,1.5384615384615383,1.5384615384615383
10.0,13.333333333333334,29,0.0,72.0,160.0,72.0,9.0,5.0,15.0,26.0,0.0,1.3125,1.625
5.0,3.888888888888889,27,0.0,67.0,150.0,,3.0,1.0,14.0,27.0,,1.48,1.5133333333333332
12.0,8.333333333333334,22,0.0,67.0,112.0,70.0,7.0,3.0,20.0,20.0,3.0,1.4910714285714286,1.7142857142857144
5.0,5.0,26,1.0,63.0,108.0,63.0,3.0,1.0,4.0,4.0,0.0,1.0462962962962963,1.1388888888888888
4.0,3.75,38,0.0,68.0,160.0,69.0,5.0,3.0,9.0,22.0,1.0,1.03125,1.3375
10.0,2.9166666666666665,32,0.0,65.0,135.0,67.0,11.0,1.0,14.0,22.0,2.0,,1.5555555555555556
5.0,4.166666666666667,32,0.0,68.0,158.0,72.0,3.0,1.0,13.0,22.0,4.0,1.4873417721518987,1.6582278481012658
5.0,18.88888888888889,23,1.0,62.0,119.0,63.0,1.0,1.0,16.0,39.0,1.0,1.084033613445378,1.5882352941176472
12.0,8.333333333333334,35,0.0,71.0,152.0,76.0,11.0,11.0,21.0,36.0,5.0,1.888157894736842,1.5921052631578947
8.0,13.333333333333334,28,0.0,70.0,165.0,72.0,5.0,3.0,14.0,34.0,2.0,1.303030303030303,1.4848484848484849
12.0,4.666666666666667,31,0.0,69.0,149.0,70.0,11.0,7.0,22.0,30.0,1.0,1.8389261744966443,1.9060402684563758
5.0,2.2222222222222223,34,0.0,70.0,164.0,72.0,3.0,1.0,20.0,45.0,2.0,1.548780487804878,1.7621951219512195
6.0,3.3333333333333335,37,0.0,69.0,156.0,71.0,5.0,3.0,14.0,29.0,2.0,1.3717948717948718,1.4166666666666667
8.0,7.5,35,0.0,68.0,163.0,72.0,11.0,7.0,15.0,30.0,4.0,1.3987730061349692,1.49079754601227
6.0,1.3333333333333333,53,0.0,68.0,148.0,70.0,11.0,9.0,12.0,26.0,2.0,1.3918918918918919,1.3378378378378377
6.0,5.0,39,0.0,68.0,137.0,68.0,11.0,1.0,16.0,28.0,0.0,,1.6204379562043796
3.0,5.0,32,0.0,69.0,155.0,72.0,3.0,1.0,14.0,30.0,3.0,1.3548387096774195,1.567741935483871
7.0,6.111111111111111,30,1.0,65.0,138.0,63.0,11.0,9.0,11.0,19.0,-2.0,1.2173913043478262,1.434782608695652
9.0,5.0,31,1.0,62.0,113.0,61.0,7.0,3.0,15.0,30.0,-1.0,1.575221238938053,1.4867256637168142
9.0,5.0,26,0.0,70.0,127.0,71.0,5.0,1.0,,25.0,1.0,1.905511811023622,1.590551181102362
4.0,5.0,24,1.0,62.0,130.0,62.0,3.0,3.0,2.0,30.0,0.0,1.0,1.0
8.0,3.3333333333333335,31,1.0,68.5,145.0,69.0,7.0,5.0,8.0,8.0,0.5,1.2413793103448276,1.1724137931034484
8.0,1.25,45,0.0,67.0,144.0,69.0,11.0,9.0,18.0,31.0,2.0,1.5208333333333335,1.7638888888888888
5.0,2.6666666666666665,25,0.0,74.0,145.0,76.0,3.0,1.0,11.0,15.0,2.0,,1.3448275862068966
6.0,8.333333333333334,34,0.0,69.0,148.0,,9.0,5.0,,,,1.5743243243243243,
7.0,3.3333333333333335,27,1.0,61.0,115.0,60.0,5.0,3.0,6.0,7.0,-1.0,1.0,1.2608695652173914
10.0,1.6666666666666667,29,0.0,67.0,145.0,67.0,5.0,3.0,22.0,34.0,0.0,1.6206896551724137,1.793103448275862
6.0,1.6666666666666667,30,1.0,74.0,160.0,75.0,9.0,1.0,6.0,20.0,1.0,1.2125,1.1625
5.0,,45,1.0,63.0,125.0,64.0,11.0,1.0,7.0,15.0,1.0,1.32,1.16
7.0,10.222222222222221,42,0.0,69.0,153.0,70.0,11.0,11.0,28.0,43.0,1.0,1.6209150326797386,1.7189542483660132
10.0,3.3333333333333335,31,0.0,66.0,142.0,68.0,9.0,3.0,21.0,53.0,2.0,1.436619718309859,1.704225352112676
7.0,3.3333333333333335,40,0.0,72.0,195.0,75.0,5.0,3.0,10.0,25.0,3.0,1.205128205128205,1.3333333333333333
10.0,8.333333333333334,31,0.0,69.0,162.0,70.0,11.0,1.0,22.0,37.0,1.0,1.5864197530864197,1.6481481481481481
5.0,5.0,34,1.0,67.0,149.0,71.0,5.0,1.0,11.0,18.0,4.0,1.5369127516778525,1.3691275167785235
3.0,2.5,40,1.0,63.0,119.0,65.0,1.0,1.0,3.0,8.0,2.0,1.0,1.0084033613445378
4.0,4.166666666666667,30,0.0,69.0,160.0,73.0,5.0,1.0,9.0,17.0,4.0,1.25,1.34375
5.0,2.9166666666666665,27,1.0,67.0,140.0,68.0,11.0,9.0,8.0,25.0,1.0,1.2214285714285715,1.2214285714285715
13.0,8.333333333333334,25,0.0,71.0,158.0,75.0,11.0,3.0,16.0,15.0,4.0,1.6329113924050633,1.7911392405063291
8.0,2.5,27,0.0,72.5,175.0,75.5,5.0,3.0,13.0,30.0,3.0,1.5142857142857142,1.6285714285714286
5.0,4.555555555555555,26,1.0,68.0,143.0,68.0,7.0,1.0,13.0,30.0,0.0,1.5594405594405596,1.4195804195804196
6.0,,35,0.0,69.0,157.0,68.5,9.0,3.0,18.0,39.0,-0.5,1.2292993630573248,1.573248407643312
8.0,5.555555555555555,37,0.0,69.7,132.0,70.0,7.0,1.0,17.0,45.0,0.29999999999999716,1.4166666666666667,
8.0,5.555555555555555,32,0.0,70.0,165.0,74.0,5.0,1.0,11.0,26.0,4.0,1.4242424242424243,1.4242424242424243
9.0,3.3333333333333335,39,0.0,68.9,135.0,68.9,7.0,7.0,22.0,40.0,0.0,,1.7407407407407407
11.0,22.22222222222222,33,0.0,71.0,145.0,71.0,11.0,1.0,15.0,27.0,0.0,1.3793103448275863,1.5172413793103448
7.0,4.166666666666667,36,0.0,71.0,162.0,71.0,11.0,5.0,17.0,36.0,0.0,1.2469135802469136,1.6481481481481481
7.0,5.833333333333333,23,1.0,61.0,100.0,63.0,3.0,1.0,15.0,33.0,2.0,1.41,1.55
6.0,3.0,31,0.0,72.0,175.0,74.0,3.0,3.0,15.0,31.0,2.0,1.457142857142857,1.457142857142857
10.0,4.166666666666667,30,0.0,70.5,175.0,76.0,9.0,1.0,16.0,31.0,5.5,1.5714285714285714,1.6
7.0,20.833333333333332,39,0.0,70.0,180.0,73.0,11.0,5.0,8.0,12.0,3.0,1.4444444444444444,1.3888888888888888
5.0,5.555555555555555,32,0.0,70.0,155.0,68.0,7.0,1.0,12.0,15.0,-2.0,1.2258064516129032,1.2903225806451613
7.0,3.3333333333333335,25,0.0,75.0,150.0,76.0,5.0,3.0,15.0,21.0,1.0,1.5,1.5
6.0,12.5,26,0.0,69.0,160.0,72.5,3.0,1.0,10.0,30.0,3.5,1.4375,1.375
6.0,11.11111111111111,28,1.0,64.0,117.0,66.0,7.0,3.0,5.0,20.0,2.0,1.1452991452991452,1.170940170940171
10.0,11.11111111111111,20,0.0,72.0,158.0,72.0,11.0,7.0,19.0,37.0,0.0,1.6329113924050633,1.5696202531645569
11.0,13.333333333333334,45,0.0,68.0,147.0,68.0,11.0,11.0,23.0,43.0,0.0,1.7142857142857144,1.6802721088435373
9.0,10.0,31,0.0,74.0,187.0,78.0,7.0,3.0,19.0,28.0,4.0,1.5026737967914439,1.7058823529411766
10.0,16.666666666666668,31,1.0,66.0,130.0,,11.0,11.0,14.0,18.0,,1.3076923076923077,1.3076923076923077
8.0,8.88888888888889,55,0.0,74.0,180.0,74.0,11.0,11.0,50.0,90.0,0.0,1.5,1.75
3.0,1.3333333333333333,24,0.0,73.0,200.0,73.0,7.0,1.0,6.0,13.0,0.0,1.1,1.0
7.0,15.0,32,0.0,71.0,148.0,72.0,11.0,3.0,18.0,35.0,1.0,1.5405405405405406,1.777027027027027
9.0,8.333333333333334,27,0.0,71.0,175.0,72.5,9.0,3.0,10.0,38.0,1.5,1.4,1.5714285714285714
7.0,2.5,37,0.0,73.0,170.0,73.0,9.0,7.0,16.0,23.0,0.0,1.4588235294117646,
5.0,12.5,49,0.0,71.5,160.0,75.0,11.0,5.0,16.0,17.0,3.5,1.1125,1.4375
4.0,12.5,37,1.0,66.5,120.0,67.0,11.0,11.0,8.0,11.0,0.5,1.15,1.2916666666666667
8.0,5.555555555555555,29,0.0,70.0,165.0,72.0,7.0,3.0,13.0,36.0,2.0,1.3636363636363638,1.4242424242424243
8.0,5.0,31,1.0,68.5,145.0,69.6,9.0,5.0,10.0,10.0,1.0999999999999943,1.3103448275862069,1.2413793103448276
3.0,8.333333333333334,38,1.0,69.0,177.0,68.0,5.0,1.0,2.0,12.0,-1.0,1.112994350282486,1.0
3.0,9.166666666666666,42,0.0,,153.0,73.0,11.0,3.0,9.0,18.0,,1.1111111111111112,1.1633986928104576
5.0,8.333333333333334,48,0.0,66.0,137.0,69.0,11.0,1.0,20.0,53.0,3.0,1.343065693430657,1.3284671532846715
8.0,1.6666666666666667,28,0.0,68.0,167.0,68.0,11.0,11.0,14.0,17.0,0.0,1.8383233532934131,1.658682634730539
6.0,3.3333333333333335,26,1.0,68.0,120.0,72.0,9.0,3.0,4.0,19.0,4.0,1.2916666666666667,1.1416666666666666
7.0,6.666666666666667,29,0.0,75.0,179.0,75.0,1.0,1.0,17.0,43.0,0.0,1.4022346368715084,1.5139664804469275
8.0,5.0,36,1.0,66.0,128.0,65.0,9.0,3.0,11.0,10.0,-1.0,1.546875,1.46875
9.0,11.555555555555555,27,1.0,65.0,130.0,67.0,5.0,1.0,10.0,10.0,2.0,1.1153846153846154,1.2692307692307692
12.0,16.666666666666668,25,0.0,69.0,134.0,69.0,11.0,5.0,24.0,43.0,0.0,1.671641791044776,1.8582089552238807
8.0,5.0,25,0.0,74.0,174.0,76.0,7.0,3.0,28.0,32.0,2.0,1.8620689655172413,1.7011494252873565
10.0,2.5,33,0.0,68.0,149.0,69.0,5.0,3.0,21.0,29.0,1.0,1.738255033557047,1.6375838926174495
6.0,2.9166666666666665,32,0.0,70.0,176.0,,5.0,3.0,12.0,31.0,,1.2272727272727273,1.3977272727272727
10.0,11.666666666666666,33,0.0,69.5,145.0,69.5,11.0,7.0,24.0,35.0,0.0,1.6068965517241378,1.8551724137931034
6.0,3.3333333333333335,26,1.0,70.0,155.0,70.0,3.0,1.0,10.0,2.0,0.0,1.2580645161290323,1.2258064516129032
5.0,2.0,27,0.0,67.0,150.0,67.0,3.0,1.0,40.0,60.0,0.0,1.4,1.8
10.0,0.0,31,0.0,71.5,140.0,72.5,5.0,1.0,30.0,50.0,1.0,1.6785714285714286,1.7142857142857144
5.0,5.0,39,1.0,66.0,136.0,64.0,3.0,1.0,9.0,15.0,-2.0,,
5.0,13.333333333333334,39,0.0,68.0,159.0,68.0,5.0,3.0,,25.0,0.0,1.251572327044025,1.3773584905660377
5.0,1.1111111111111112,27,0.0,67.0,147.0,69.0,3.0,1.0,16.0,51.0,2.0,1.4081632653061225,1.510204081632653
5.0,3.888888888888889,28,0.0,76.4,183.0,77.0,3.0,1.0,15.0,,0.5999999999999943,1.4043715846994536,1.4808743169398908
8.0,6.25,25,1.0,65.0,108.0,65.0,5.0,1.0,6.0,12.0,0.0,1.2777777777777777,1.2314814814814814
10.0,6.666666666666667,24,0.0,68.0,143.0,70.0,1.0,1.0,26.0,43.0,2.0,1.5944055944055944,
11.0,0.8333333333333334,34,0.0,70.0,158.0,70.0,9.0,1.0,19.0,37.0,0.0,1.4430379746835442,1.6329113924050633
9.0,7.777777777777778,25,0.0,71.0,147.0,73.0,5.0,3.0,15.0,25.0,2.0,1.3401360544217686,1.5510204081632653
4.0,3.3333333333333335,26,1.0,68.0,140.0,66.0,5.0,1.0,9.0,20.0,-2.0,1.0,1.1785714285714286
3.0,2.0833333333333335,37,0.0,71.0,190.0,72.0,5.0,1.0,8.0,30.0,1.0,1.0,1.1578947368421053
12.0,7.083333333333333,34,0.0,69.0,145.0,73.0,11.0,11.0,24.0,31.0,4.0,1.5034482758620689,1.5517241379310345
13.0,11.11111111111111,27,0.0,67.0,148.0,70.0,11.0,3.0,21.0,30.0,3.0,1.9797297297297298,1.8445945945945947
6.0,4.444444444444445,26,1.0,62.5,105.0,61.75,7.0,1.0,11.0,29.0,-0.75,,
8.0,2.5,35,0.0,72.0,170.0,75.0,11.0,5.0,15.0,29.0,3.0,1.6470588235294117,1.4117647058823528
8.0,6.666666666666667,27,0.0,70.0,175.0,73.0,5.0,3.0,19.0,31.0,3.0,1.5371428571428571,1.5371428571428571
8.0,8.333333333333334,33,0.0,67.0,127.0,68.5,7.0,5.0,24.0,70.0,1.5,,
8.0,10.0,30,0.0,73.0,194.0,73.0,11.0,5.0,25.0,25.0,0.0,1.4123711340206184,1.4123711340206184
5.0,6.666666666666667,21,0.0,71.0,165.0,69.0,3.0,1.0,17.0,40.0,-2.0,1.3636363636363638,1.5151515151515151
4.0,12.5,33,1.0,62.0,110.0,63.0,7.0,1.0,4.0,10.0,1.0,1.1818181818181819,1.0818181818181818
6.0,0.6666666666666666,30,0.0,70.0,130.0,72.0,5.0,3.0,14.0,24.0,2.0,1.3461538461538463,1.4615384615384617
4.0,3.3333333333333335,25,0.0,66.5,143.0,69.0,9.0,1.0,13.0,29.0,2.5,,
9.0,4.0,19,0.0,68.0,142.0,70.0,5.0,1.0,25.0,25.0,2.0,1.5985915492957745,1.704225352112676
6.0,21.666666666666668,35,0.0,66.0,127.0,65.0,3.0,1.0,9.0,21.0,-1.0,1.2755905511811023,1.4173228346456692
7.0,8.88888888888889,25,0.0,75.0,170.0,78.0,7.0,1.0,10.0,25.0,3.0,1.2352941176470589,1.2647058823529411
3.0,,34,0.0,70.1,147.0,,3.0,1.0,11.0,15.0,,1.1428571428571428,1.2925170068027212
11.0,7.444444444444445,30,0.0,72.0,170.0,75.0,9.0,9.0,26.0,45.0,3.0,1.6764705882352942,1.6764705882352942
9.0,10.0,32,1.0,62.0,117.0,61.0,9.0,5.0,12.0,33.0,-1.0,1.7264957264957266,1.5555555555555556
5.0,7.222222222222222,39,0.0,68.0,158.0,69.0,5.0,3.0,11.0,27.0,1.0,1.1455696202531644,1.3924050632911391
3.0,3.3333333333333335,31,1.0,62.0,130.0,64.0,11.0,1.0,11.0,18.0,2.0,1.0769230769230769,1.2692307692307692
10.0,3.3333333333333335,16,0.0,68.0,145.0,69.0,5.0,1.0,16.0,21.0,1.0,1.6551724137931034,1.5862068965517242
5.0,0.0,31,0.0,73.0,170.0,75.0,3.0,1.0,22.0,35.0,2.0,1.3823529411764706,1.6941176470588235
9.0,2.9166666666666665,27,0.0,74.0,158.0,75.5,7.0,3.0,10.0,15.0,1.5,1.379746835443038,1.2215189873417722
5.0,11.666666666666666,41,0.0,72.0,170.0,73.0,9.0,5.0,7.0,25.0,1.0,1.2470588235294118,1.3352941176470587
6.0,6.25,28,0.0,74.0,191.0,76.0,7.0,3.0,16.0,15.0,2.0,1.2513089005235603,1.5235602094240837
4.0,3.25,52,0.0,66.5,130.0,71.0,3.0,1.0,17.0,30.0,4.5,1.2076923076923076,1.476923076923077
5.0,2.0833333333333335,22,1.0,64.0,125.0,64.0,5.0,3.0,14.0,25.0,0.0,1.44,1.32
7.0,,21,0.0,72.0,170.0,72.0,5.0,1.0,18.0,30.0,0.0,1.5294117647058822,1.4117647058823528
7.0,5.0,34,0.0,67.0,143.0,70.0,11.0,1.0,15.0,27.0,3.0,1.1748251748251748,1.4895104895104896
10.0,0.0,31,0.0,66.0,130.0,64.0,7.0,3.0,21.0,52.0,-2.0,1.6538461538461537,1.8461538461538463
11.0,5.833333333333333,43,0.0,70.0,144.0,69.0,11.0,11.0,13.0,20.0,-1.0,1.75,1.5416666666666665
4.0,10.0,19,1.0,65.0,125.0,,3.0,0.0,6.0,8.0,,1.32,1.28
5.0,4.333333333333333,27,0.0,70.0,165.0,70.0,7.0,3.0,22.0,51.0,0.0,1.393939393939394,1.5151515151515151
5.0,4.333333333333333,26,1.0,66.0,135.0,67.0,7.0,5.0,12.0,20.0,1.0,1.4444444444444444,1.4074074074074074
6.0,3.3333333333333335,25,0.0,68.5,152.0,68.0,3.0,3.0,18.0,30.0,-0.5,1.4605263157894737,1.5855263157894737
4.0,5.0,24,0.0,70.5,176.0,72.8,3.0,0.0,10.0,30.0,2.299999999999997,1.09375,1.3602272727272728
5.0,11.88888888888889,35,0.0,68.25,143.0,69.5,5.0,3.0,24.0,37.0,1.25,1.5594405594405596,1.6993006993006992
7.0,3.888888888888889,28,0.0,72.0,164.0,75.0,3.0,0.0,17.0,38.0,3.0,1.5182926829268293,1.5914634146341462
9.0,4.444444444444445,54,0.0,77.0,167.0,77.5,5.0,5.0,19.0,24.0,0.5,1.4191616766467066,1.5988023952095807
8.0,5.0,27,1.0,62.0,122.0,62.0,3.0,1.0,12.0,12.0,0.0,1.3688524590163935,1.3688524590163935
3.0,1.1111111111111112,32,0.0,71.0,171.0,70.0,5.0,0.0,8.0,23.0,-1.0,1.263157894736842,1.3508771929824561
11.0,2.9166666666666665,23,0.0,67.0,155.7,72.0,3.0,1.0,23.0,40.0,5.0,1.8253050738599872,1.7064868336544636
6.0,2.5,28,0.0,70.0,150.0,72.0,1.0,1.0,28.0,,2.0,1.4333333333333333,1.9333333333333333
9.0,5.0,28,0.0,65.0,138.0,65.0,3.0,1.0,20.0,35.0,0.0,1.6159420289855073,1.7971014492753623
5.0,5.0,29,1.0,60.0,110.0,61.0,5.0,1.0,5.0,13.0,1.0,1.0909090909090908,
8.0,4.166666666666667,32,0.0,66.0,150.0,67.0,7.0,1.0,24.0,50.0,1.0,1.4333333333333333,1.7333333333333334
10.0,7.777777777777778,25,0.0,67.0,148.0,66.0,7.0,3.0,25.0,50.0,-1.0,1.8445945945945947,1.6283783783783785
7.0,3.3333333333333335,46,0.0,72.0,161.0,74.0,7.0,1.0,20.0,33.0,2.0,1.4037267080745341,1.5900621118012421
10.0,3.3333333333333335,27,0.0,70.0,140.0,74.0,11.0,11.0,20.0,28.0,4.0,1.7928571428571427,1.7928571428571427
6.0,5.0,28,0.0,68.0,147.0,69.0,7.0,5.0,17.0,27.0,1.0,1.4081632653061225,1.5782312925170068
8.0,3.3333333333333335,29,0.0,60.0,165.0,59.0,7.0,1.0,18.0,34.0,-1.0,1.3151515151515152,1.3757575757575757
9.0,6.111111111111111,32,0.0,76.0,170.0,76.0,7.0,5.0,21.0,35.0,0.0,1.4823529411764707,1.6176470588235294
5.0,3.3333333333333335,41,0.0,71.0,202.0,73.0,3.0,1.0,7.0,30.0,2.0,1.2277227722772277,1.3267326732673268
5.0,6.666666666666667,26,0.0,72.0,158.0,72.0,1.0,1.0,26.0,41.0,0.0,1.0949367088607596,1.7974683544303798
9.0,5.0,22,0.0,69.0,150.0,69.0,3.0,1.0,18.0,35.0,0.0,1.5333333333333332,1.6666666666666665
7.0,5.833333333333333,30,0.0,70.0,154.0,68.0,7.0,1.0,14.0,70.0,-2.0,1.3766233766233766,1.487012987012987
3.0,4.166666666666667,27,0.0,70.0,185.0,68.0,1.0,1.0,15.0,30.0,-2.0,1.135135135135135,1.3513513513513513
9.0,8.88888888888889,32,0.0,70.47,153.0,,11.0,11.0,14.0,18.0,,1.261437908496732,1.5032679738562091
3.0,3.3333333333333335,26,1.0,63.5,95.0,,1.0,1.0,4.0,15.0,,1.0,1.1578947368421053
6.0,5.0,28,0.0,70.0,150.0,70.0,1.0,0.0,27.0,36.0,0.0,1.5333333333333332,2.0133333333333336
3.0,3.3333333333333335,36,0.0,67.0,147.0,69.0,11.0,0.0,20.0,40.0,2.0,1.2380952380952381,1.3401360544217686
7.0,5.555555555555555,37,0.0,70.0,159.0,71.0,9.0,1.0,23.0,40.0,1.0,1.1383647798742138,1.691823899371069
7.0,8.333333333333334,37,0.0,69.0,167.0,69.5,9.0,3.0,15.0,41.0,0.5,1.3592814371257484,1.3293413173652695
6.0,4.166666666666667,32,0.0,74.0,188.0,,3.0,1.0,14.0,30.0,,1.351063829787234,1.4787234042553192
4.0,8.333333333333334,49,0.0,66.0,154.0,67.5,11.0,5.0,15.0,31.0,1.5,1.1623376623376624,1.422077922077922
7.0,8.333333333333334,39,0.0,73.0,183.0,75.0,5.0,1.0,18.0,42.0,2.0,1.3278688524590163,1.4918032786885247
5.0,4.166666666666667,27,1.0,66.0,133.0,67.0,3.0,1.0,28.0,14.0,1.0,1.4285714285714286,
4.0,2.2222222222222223,33,0.0,69.25,146.0,70.0,9.0,1.0,18.0,63.0,0.75,1.2397260273972603,1.5136986301369864
4.0,5.0,30,0.0,74.0,182.0,75.0,7.0,1.0,14.0,24.0,1.0,1.1373626373626373,1.412087912087912
6.0,3.3333333333333335,39,0.0,72.0,172.0,73.0,11.0,3.0,15.0,31.0,1.0,1.3837209302325582,1.4883720930232558
6.0,2.2222222222222223,27,0.0,69.0,165.0,75.0,3.0,0.0,19.0,54.0,6.0,1.4242424242424243,1.5454545454545454
3.0,4.444444444444445,41,0.0,74.0,199.0,71.0,11.0,3.0,7.0,14.0,-3.0,1.1758793969849246,1.2261306532663316
10.0,8.333333333333334,27,0.0,71.0,152.0,74.0,7.0,5.0,29.0,46.0,3.0,1.611842105263158,2.0328947368421053
8.0,5.333333333333333,36,0.0,68.0,162.0,72.0,11.0,7.0,17.0,36.0,4.0,1.3024691358024691,1.4876543209876543
10.0,13.333333333333334,31,0.0,71.0,155.0,73.0,5.0,1.0,20.0,30.0,2.0,1.3870967741935485,1.5483870967741935
11.0,10.0,33,0.0,67.0,155.0,71.0,11.0,5.0,15.0,30.0,4.0,1.5806451612903225,1.5483870967741935
7.0,15.333333333333334,41,0.0,74.0,160.0,76.0,11.0,5.0,10.0,11.0,2.0,1.375,1.5
10.0,5.0,30,1.0,61.0,112.0,62.0,11.0,9.0,13.0,19.0,1.0,1.7142857142857144,1.5357142857142856
6.0,7.222222222222222,34,1.0,65.0,130.0,65.0,7.0,5.0,11.0,15.0,0.0,1.3846153846153846,1.2615384615384615
7.0,10.0,31,0.0,68.0,167.0,68.5,9.0,1.0,9.0,26.0,0.5,1.2694610778443114,1.3592814371257484
13.0,6.666666666666667,23,0.0,67.0,112.0,71.0,7.0,3.0,21.0,22.0,4.0,1.8035714285714286,1.6696428571428572
7.0,6.666666666666667,29,0.0,70.0,165.0,72.0,7.0,5.0,15.0,40.0,2.0,1.3636363636363638,1.4242424242424243
10.0,2.6666666666666665,48,0.0,71.0,169.0,71.0,11.0,11.0,12.0,14.0,0.0,1.4142011834319526,1.532544378698225
5.0,6.666666666666667,25,1.0,64.0,124.0,66.0,5.0,3.0,14.0,31.0,2.0,1.4274193548387097,1.5080645161290323
11.0,6.666666666666667,39,0.0,69.0,147.0,71.0,11.0,3.0,15.0,41.0,2.0,1.54421768707483,1.3401360544217686
3.0,3.0,20,1.0,67.0,120.0,69.0,1.0,1.0,3.0,20.0,2.0,1.0416666666666667,1.075
6.0,0.0,26,0.0,70.0,170.0,,1.0,1.0,17.0,29.0,,1.1470588235294117,1.3529411764705883
4.0,5.0,21,0.0,73.0,174.0,,1.0,1.0,14.0,30.0,,,1.4022988505747127
6.0,8.333333333333334,27,0.0,69.0,165.0,70.0,7.0,1.0,16.0,52.0,1.0,1.3757575757575757,1.4242424242424243
6.0,5.0,27,1.0,70.0,153.0,70.0,3.0,1.0,10.0,7.0,0.0,1.2287581699346406,1.2549019607843137
8.0,3.888888888888889,30,0.0,68.0,153.0,69.0,9.0,3.0,16.0,33.0,1.0,1.522875816993464,1.457516339869281
8.0,8.333333333333334,33,0.0,68.0,150.0,66.0,7.0,5.0,20.0,20.0,-2.0,1.6266666666666667,1.76
4.0,1.1111111111111112,20,1.0,68.0,125.0,73.0,5.0,1.0,3.0,5.0,5.0,1.12,1.096
4.0,5.0,30,0.0,67.0,150.0,67.0,5.0,1.0,16.0,44.0,0.0,1.0,1.6666666666666665
3.0,2.3333333333333335,26,1.0,68.0,155.0,69.0,5.0,1.0,3.0,16.0,1.0,1.167741935483871,1.064516129032258
10.0,12.5,25,0.0,68.0,149.0,71.0,11.0,11.0,13.0,29.0,3.0,1.3691275167785235,1.5033557046979866
8.0,5.0,31,0.0,68.0,151.4,70.0,11.0,11.0,23.0,45.0,2.0,1.4623513870541611,1.5284015852047554
9.0,4.666666666666667,28,0.0,74.0,157.0,76.0,1.0,0.0,13.0,30.0,2.0,1.4458598726114649,1.4140127388535033
8.0,3.3333333333333335,34,0.0,70.0,175.0,74.0,5.0,1.0,15.0,30.0,4.0,1.457142857142857,1.5714285714285714
5.0,4.166666666666667,50,0.0,68.0,169.0,66.0,11.0,1.0,11.0,41.0,-2.0,1.2366863905325443,1.3550295857988166
10.0,6.666666666666667,32,0.0,69.0,173.0,70.0,11.0,5.0,16.0,30.0,1.0,1.4624277456647399,1.6358381502890174
7.0,11.11111111111111,41,1.0,67.0,140.0,65.0,11.0,5.0,12.0,22.0,-2.0,1.25,1.4285714285714286
8.0,16.666666666666668,33,0.0,72.0,179.0,73.0,11.0,5.0,15.0,30.0,1.0,1.4189944134078212,1.5307262569832403
4.0,3.75,32,1.0,64.0,128.0,64.0,3.0,1.0,15.0,40.0,0.0,1.1953125,1.390625
7.0,2.5,25,0.0,74.0,182.0,74.0,1.0,1.0,14.0,29.0,0.0,1.1923076923076923,1.5934065934065935
7.0,2.2222222222222223,28,0.0,74.0,160.0,74.0,7.0,3.0,14.0,15.0,0.0,1.46875,1.28125
10.0,12.5,28,0.0,69.0,143.0,72.0,5.0,3.0,30.0,30.0,3.0,1.5734265734265733,1.6993006993006992
9.0,6.666666666666667,27,0.0,74.0,185.0,76.0,5.0,5.0,20.0,41.0,2.0,1.4324324324324325,1.7567567567567568
6.0,11.11111111111111,38,0.0,71.0,182.0,71.0,11.0,1.0,12.0,26.0,0.0,1.2197802197802199,1.3296703296703296
7.0,8.333333333333334,37,0.0,69.0,167.0,69.5,11.0,3.0,16.0,40.0,0.5,1.4491017964071857,1.4191616766467066
7.0,0.0,26,0.0,75.0,170.0,78.0,7.0,3.0,15.0,20.0,3.0,1.2352941176470589,1.3235294117647058
5.0,1.6666666666666667,35,1.0,65.0,140.0,66.0,5.0,3.0,5.0,14.0,1.0,1.3142857142857143,1.1428571428571428
8.0,3.3333333333333335,47,0.0,68.0,162.0,73.5,11.0,11.0,20.0,50.0,5.5,1.5864197530864197,1.6481481481481481
9.0,8.333333333333334,35,1.0,63.0,123.0,63.0,5.0,0.0,9.0,26.0,0.0,1.3658536585365852,1.4065040650406504
10.0,8.333333333333334,37,0.0,66.0,120.0,66.0,7.0,0.0,13.0,25.0,0.0,1.75,1.5
3.0,1.6666666666666667,30,1.0,62.0,122.0,64.0,0.0,0.0,10.0,20.0,2.0,1.1475409836065573,1.221311475409836
5.0,5.444444444444445,41,0.0,68.9,150.0,69.3,7.0,3.0,20.0,29.0,0.3999999999999915,,1.4733333333333334
7.0,4.666666666666667,26,0.0,69.0,150.0,69.5,3.0,1.0,15.0,30.0,0.5,1.8,1.7666666666666666
9.0,8.333333333333334,42,0.0,71.0,153.0,76.0,11.0,9.0,25.0,31.0,5.0,1.5882352941176472,1.5882352941176472
3.0,0.0,40,0.0,72.0,165.0,73.0,1.0,1.0,10.0,50.0,1.0,1.2424242424242424,1.2727272727272727
3.0,8.333333333333334,28,1.0,66.0,156.0,66.0,3.0,1.0,4.0,9.0,0.0,1.0,1.0961538461538463
10.0,8.333333333333334,33,0.0,74.0,189.0,,11.0,3.0,18.0,35.0,,,1.8994708994708995
4.0,3.3333333333333335,40,1.0,62.0,106.0,62.0,1.0,1.0,10.0,25.0,0.0,1.3773584905660377,1.2830188679245282
6.0,4.166666666666667,46,0.0,72.0,165.0,74.0,7.0,1.0,21.0,38.0,2.0,1.4848484848484849,1.6666666666666665
8.0,0.0,26,1.0,63.0,125.0,64.0,5.0,1.0,,18.0,1.0,1.496,1.48
7.0,7.5,33,1.0,64.17,127.0,62.9,11.0,5.0,19.0,29.0,-1.2700000000000031,1.4724409448818898,1.5511811023622046
6.0,3.3333333333333335,34,0.0,66.0,175.0,68.0,9.0,3.0,11.0,33.0,2.0,1.4,1.3142857142857143
5.0,3.3333333333333335,31,1.0,61.0,125.0,62.0,11.0,1.0,11.0,26.0,1.0,1.3519999999999999,1.28
7.0,4.583333333333333,33,0.0,75.0,175.0,78.0,9.0,5.0,14.0,21.0,3.0,1.1142857142857143,1.4857142857142858
10.0,8.333333333333334,32,0.0,66.0,133.0,64.0,7.0,3.0,22.0,48.0,-2.0,1.7894736842105263,1.8270676691729322
8.0,5.5,56,0.0,75.0,179.0,75.0,11.0,11.0,50.0,75.0,0.0,1.6145251396648046,1.6983240223463687
10.0,7.777777777777778,38,0.0,67.0,133.0,69.0,9.0,5.0,20.0,36.0,2.0,,1.8270676691729322
7.0,10.0,34,0.0,67.0,145.0,69.0,11.0,1.0,13.0,24.0,2.0,1.2758620689655173,1.4137931034482758
10.0,8.333333333333334,28,0.0,74.0,160.0,76.0,1.0,1.0,17.0,28.0,2.0,1.4375,1.4375
5.0,4.166666666666667,28,1.0,64.0,156.0,64.0,11.0,7.0,13.0,33.0,0.0,1.1282051282051282,1.3333333333333333
6.0,0.0,28,,,155.0,74.0,3.0,1.0,15.0,40.0,,1.3870967741935485,1.4193548387096775
6.0,5.0,35,1.0,63.0,126.0,62.0,5.0,1.0,12.0,10.0,-1.0,1.1984126984126984,1.3571428571428572
6.0,8.333333333333334,27,1.0,68.0,148.0,68.0,9.0,3.0,12.0,25.0,0.0,1.5405405405405406,1.4054054054054055
4.0,3.888888888888889,32,0.0,72.0,162.0,72.0,3.0,1.0,17.0,38.0,0.0,1.074074074074074,1.4012345679012346
7.0,11.555555555555555,30,0.0,70.0,170.0,72.0,7.0,5.0,15.0,36.0,2.0,1.3529411764705883,1.4117647058823528
7.0,3.888888888888889,37,0.0,71.0,193.0,73.0,11.0,7.0,17.0,24.0,2.0,1.616580310880829,1.5388601036269431
7.0,1.6666666666666667,27,0.0,72.0,175.0,72.0,1.0,1.0,11.0,20.0,0.0,1.1428571428571428,1.5714285714285714
6.0,3.3333333333333335,27,0.0,69.0,145.0,74.0,7.0,0.0,14.0,27.0,5.0,1.4137931034482758,1.6206896551724137
7.0,3.0,27,1.0,60.0,107.0,60.5,9.0,1.0,15.0,25.0,0.5,1.514018691588785,1.4205607476635513
6.0,8.333333333333334,44,1.0,67.0,138.0,68.0,7.0,3.0,3.0,14.0,1.0,1.0724637681159421,1.0579710144927537
7.0,7.777777777777778,40,1.0,60.5,97.0,60.5,9.0,1.0,10.0,20.0,0.0,1.443298969072165,1.4123711340206184
10.0,6.666666666666667,29,0.0,74.0,187.0,76.0,5.0,3.0,15.0,28.0,2.0,1.6951871657754012,1.6149732620320856
5.0,8.333333333333334,28,0.0,67.0,180.0,69.6,1.0,1.0,12.0,20.0,2.5999999999999943,1.1777777777777778,1.5
4.0,5.833333333333333,50,0.0,70.0,160.0,70.0,5.0,5.0,14.0,30.0,0.0,1.3125,1.41875
3.0,1.1111111111111112,30,0.0,67.0,161.0,70.0,3.0,1.0,12.0,35.0,3.0,1.279503105590062,1.341614906832298
10.0,5.0,40,1.0,62.0,124.0,62.0,11.0,3.0,14.0,33.0,0.0,1.4435483870967742,1.4274193548387097
7.0,11.666666666666666,37,0.0,69.0,166.0,69.5,11.0,1.0,18.0,40.0,0.5,1.4939759036144578,1.391566265060241
6.0,8.0,25,1.0,61.0,141.0,63.0,5.0,1.0,7.0,16.0,2.0,1.0354609929078014,1.198581560283688
6.0,3.3333333333333335,24,1.0,68.0,145.0,,5.0,3.0,8.0,19.0,,1.206896551724138,1.2758620689655173
9.0,8.88888888888889,29,0.0,68.0,190.0,72.5,7.0,7.0,11.0,35.0,4.5,1.2789473684210526,1.3789473684210527
5.0,8.333333333333334,35,1.0,66.0,125.0,68.5,7.0,1.0,4.0,24.0,2.5,1.0,1.104
8.0,3.3333333333333335,26,0.0,67.0,160.0,71.0,7.0,3.0,11.0,20.0,4.0,1.75,1.75
3.0,2.6666666666666665,42,0.0,71.0,218.0,70.0,7.0,1.0,11.0,45.0,-1.0,1.1605504587155964,1.2064220183486238
7.0,4.166666666666667,25,0.0,74.0,186.0,74.0,1.0,1.0,18.0,35.0,0.0,1.3763440860215055,1.618279569892473
4.0,1.0,31,1.0,60.5,110.0,61.0,5.0,0.0,5.0,7.0,0.5,1.0909090909090908,1.1363636363636362
7.0,10.0,29,1.0,62.0,132.0,66.0,11.0,5.0,15.0,25.0,4.0,1.4545454545454546,1.3409090909090908
5.0,11.11111111111111,31,1.0,68.0,135.0,70.0,11.0,1.0,11.0,,2.0,1.2962962962962963,1.2592592592592593
4.0,1.0,35,0.0,73.0,187.0,72.0,5.0,3.0,20.0,55.0,-1.0,1.2941176470588236,1.481283422459893
7.0,11.11111111111111,30,1.0,64.5,138.0,65.0,3.0,1.0,9.0,14.0,0.5,1.2717391304347827,1.2246376811594204
8.0,8.333333333333334,30,1.0,63.0,116.0,63.0,7.0,1.0,18.0,10.0,0.0,,1.4310344827586206
8.0,4.444444444444445,60,0.0,70.0,149.0,69.0,11.0,11.0,34.0,35.0,-1.0,1.2684563758389262,1.8120805369127517
7.0,9.444444444444445,39,1.0,63.0,123.0,62.0,5.0,3.0,20.0,38.0,-1.0,1.6504065040650406,1.6504065040650406
6.0,0.0,33,0.0,65.0,132.0,,5.0,3.0,14.0,23.0,,,1.4545454545454546
4.0,4.166666666666667,42,0.0,74.0,195.0,72.0,11.0,1.0,8.0,20.0,-2.0,1.2564102564102564,1.2564102564102564
7.0,5.0,29,1.0,66.0,143.0,64.0,7.0,5.0,12.0,27.0,-2.0,1.4545454545454546,1.3146853146853146
4.0,4.166666666666667,26,1.0,67.0,126.0,66.0,1.0,1.0,9.0,20.0,-1.0,1.1031746031746033,1.1984126984126984
5.0,4.166666666666667,49,0.0,67.0,143.0,68.0,3.0,1.0,18.0,30.0,1.0,1.3076923076923077,1.5874125874125875
13.0,16.666666666666668,21,0.0,72.8,185.0,76.7,7.0,7.0,34.0,60.0,3.9000000000000057,2.081081081081081,1.864864864864865
5.0,11.11111111111111,29,0.0,69.5,140.0,67.0,7.0,1.0,17.0,32.0,-2.5,1.2714285714285714,1.4714285714285715
5.0,6.666666666666667,50,0.0,66.5,150.0,68.0,11.0,9.0,16.0,36.0,1.5,1.3333333333333333,1.48
13.0,4.166666666666667,32,0.0,67.0,134.0,70.0,11.0,11.0,37.0,70.0,3.0,1.8208955223880596,1.9701492537313432
9.0,5.0,28,0.0,65.0,155.0,69.0,7.0,3.0,22.0,27.0,4.0,1.6258064516129034,1.8516129032258064
10.0,2.5,35,0.0,68.0,149.0,68.0,7.0,5.0,23.0,38.0,0.0,1.7718120805369129,1.7046979865771812
8.0,5.555555555555555,38,0.0,68.0,160.0,68.0,11.0,3.0,19.0,34.0,0.0,1.1875,1.71875
7.0,2.5,35,0.0,58.0,155.0,58.0,9.0,3.0,15.0,25.0,0.0,1.6774193548387095,1.7096774193548387
8.0,14.583333333333334,28,1.0,62.0,117.0,61.0,3.0,1.0,12.0,12.0,-1.0,1.5982905982905984,1.4273504273504274
8.0,10.0,37,0.0,68.0,166.0,72.0,11.0,11.0,19.0,41.0,4.0,1.3493975903614457,1.5120481927710845
11.0,8.88888888888889,30,0.0,72.0,175.0,77.0,11.0,3.0,26.0,42.0,5.0,1.5714285714285714,1.7885714285714287
4.0,8.333333333333334,37,0.0,68.0,154.0,70.0,5.0,3.0,15.0,30.0,2.0,1.37012987012987,1.5389610389610389
7.0,5.0,21,,68.0,135.0,69.0,3.0,1.0,,,1.0,1.7407407407407407,1.6296296296296298
4.0,4.166666666666667,25,1.0,62.0,110.0,63.0,3.0,1.0,23.0,20.0,1.0,1.2727272727272727,1.5454545454545454
4.0,2.6666666666666665,23,1.0,62.0,123.0,60.0,3.0,3.0,11.0,30.0,-2.0,1.4065040650406504,1.3658536585365852
5.0,1.6666666666666667,32,0.0,67.0,148.0,68.0,3.0,1.0,13.0,,1.0,1.472972972972973,1.5337837837837838
5.0,3.3333333333333335,34,0.0,72.0,172.0,73.0,5.0,3.0,22.0,44.0,1.0,1.4069767441860466,1.6569767441860463
5.0,2.5,40,0.0,71.0,175.0,73.0,3.0,1.0,12.0,33.0,2.0,1.0285714285714285,1.4
5.0,4.166666666666667,25,0.0,72.0,187.0,74.0,5.0,1.0,14.0,30.0,2.0,1.1871657754010696,1.427807486631016
5.0,3.3333333333333335,31,1.0,62.0,130.0,64.0,5.0,1.0,9.0,13.0,2.0,1.2692307692307692,1.2692307692307692
10.0,3.3333333333333335,31,1.0,61.0,110.0,62.0,11.0,11.0,15.0,24.0,1.0,1.8181818181818183,1.5454545454545454
7.0,3.3333333333333335,39,0.0,73.0,170.0,73.0,11.0,5.0,15.0,30.0,0.0,1.576470588235294,1.488235294117647
9.0,8.333333333333334,41,0.0,70.0,205.0,72.0,11.0,7.0,7.0,12.0,2.0,1.2439024390243902,1.2146341463414634
5.0,5.0,30,0.0,69.0,155.0,72.0,5.0,3.0,17.0,26.0,3.0,1.3225806451612903,1.5806451612903225
6.0,6.666666666666667,35,0.0,67.0,150.0,67.0,11.0,1.0,13.0,26.0,0.0,1.4333333333333333,1.4
8.0,0.8333333333333334,38,1.0,62.0,135.0,64.0,11.0,1.0,12.0,31.0,2.0,1.4444444444444444,1.3703703703703702
10.0,14.583333333333334,39,0.0,67.0,153.0,70.0,11.0,5.0,14.0,20.0,3.0,1.457516339869281,1.65359477124183
8.0,10.0,33,0.0,71.5,150.0,73.0,11.0,5.0,19.0,34.0,1.5,1.58,1.8
6.0,6.666666666666667,35,0.0,67.0,150.0,69.0,11.0,1.0,13.0,26.0,2.0,1.4333333333333333,1.4
10.0,8.333333333333334,33,0.0,66.0,135.0,64.0,9.0,5.0,21.0,45.0,-2.0,1.7407407407407407,1.7777777777777777
7.0,8.333333333333334,38,,69.0,167.0,69.5,11.0,3.0,15.0,41.0,0.5,1.3293413173652695,1.2694610778443114
7.0,6.666666666666667,31,1.0,67.0,150.0,65.0,3.0,1.0,5.0,7.0,-2.0,1.4,1.2666666666666666
9.0,3.3333333333333335,23,0.0,74.0,186.0,78.0,5.0,1.0,23.0,33.0,4.0,1.564516129032258,1.6666666666666665
6.0,10.0,35,0.0,72.0,165.0,74.0,3.0,0.0,12.0,34.0,2.0,1.2545454545454544,1.4545454545454546
5.0,2.5,36,0.0,67.5,176.0,71.0,9.0,3.0,11.0,30.0,3.5,1.1988636363636362,1.3693181818181819
10.0,8.88888888888889,29,0.0,68.0,160.0,71.0,11.0,11.0,15.0,23.0,3.0,1.4375,1.625
8.0,3.3333333333333335,28,0.0,77.0,200.0,78.0,9.0,3.0,9.0,12.0,1.0,1.17,1.245
7.0,1.6666666666666667,28,0.0,72.0,175.0,72.0,3.0,1.0,14.0,28.0,0.0,1.2,1.6
6.0,3.3333333333333335,30,1.0,61.0,125.0,62.0,5.0,1.0,11.0,17.0,1.0,1.32,1.296
5.0,3.3333333333333335,31,1.0,65.7,130.0,65.7,5.0,3.0,10.0,32.0,0.0,1.1,1.2538461538461538
5.0,8.333333333333334,27,1.0,68.0,145.0,,5.0,3.0,7.0,16.0,,1.1379310344827587,1.2758620689655173
4.0,5.333333333333333,30,,67.0,149.0,65.0,7.0,1.0,3.0,40.0,-2.0,1.2080536912751678,1.2348993288590604
7.0,5.0,32,0.0,60.0,163.0,65.0,5.0,1.0,15.0,27.0,5.0,1.3067484662576687,1.4294478527607362
7.0,4.888888888888889,46,0.0,70.0,165.0,72.0,11.0,7.0,23.0,51.0,2.0,1.6666666666666665,1.6666666666666665
9.0,5.916666666666667,34,0.0,66.0,140.0,65.0,11.0,0.0,14.0,33.0,-1.0,1.5357142857142856,1.5
10.0,13.333333333333334,43,0.0,72.0,150.0,73.0,11.0,1.0,17.0,21.0,1.0,1.4,1.4133333333333333
7.0,13.333333333333334,27,1.0,64.0,145.0,66.0,11.0,7.0,14.0,35.0,2.0,1.3448275862068966,1.5172413793103448
8.0,9.166666666666666,27,0.0,71.0,173.0,74.0,7.0,3.0,15.0,28.0,3.0,1.5202312138728322,1.5202312138728322
10.0,10.0,31,1.0,59.45,113.0,59.5,11.0,1.0,16.0,30.0,0.04999999999999716,1.7964601769911503,1.5398230088495575
10.0,13.333333333333334,27,1.0,60.0,115.0,62.0,11.0,3.0,21.0,30.0,2.0,1.8695652173913042,1.6521739130434783
7.0,8.333333333333334,38,0.0,69.0,164.0,69.5,11.0,3.0,16.0,42.0,0.5,1.4573170731707317,1.3658536585365852
6.0,5.0,24,0.0,71.0,155.0,72.0,3.0,1.0,16.0,24.0,1.0,1.535483870967742,1.4516129032258065
7.0,2.5,45,0.0,72.0,156.0,74.0,11.0,3.0,16.0,32.0,2.0,1.3717948717948718,1.4807692307692308
7.0,5.0,46,0.0,69.0,161.0,71.0,11.0,7.0,19.0,39.0,2.0,1.4658385093167703,1.5900621118012421
8.0,16.666666666666668,31,1.0,67.0,125.0,64.5,9.0,3.0,9.0,18.0,-2.5,1.24,1.48
9.0,16.666666666666668,29,0.0,70.0,155.0,70.0,9.0,3.0,28.0,35.0,0.0,1.3548387096774195,1.7419354838709677
7.0,8.333333333333334,27,0.0,70.0,147.0,68.0,3.0,0.0,20.0,26.0,-2.0,1.6870748299319729,1.619047619047619
10.0,4.166666666666667,24,0.0,72.0,164.0,75.0,5.0,1.0,23.0,35.0,3.0,1.7317073170731707,1.6707317073170733
8.0,10.833333333333334,26,0.0,69.25,160.2,69.5,9.0,3.0,15.0,30.0,0.25,1.4369538077403246,1.5617977528089888
7.0,8.333333333333334,34,0.0,67.0,143.0,68.0,9.0,3.0,16.0,34.0,1.0,1.6293706293706294,1.5594405594405596
8.0,11.11111111111111,25,0.0,71.0,162.0,73.5,7.0,1.0,14.0,31.0,2.5,1.2777777777777777,1.4320987654320987
11.0,8.333333333333334,33,0.0,71.5,175.0,75.5,11.0,3.0,19.0,33.0,4.0,1.6285714285714286,1.657142857142857
8.0,3.75,48,0.0,70.0,148.0,70.0,11.0,5.0,15.0,38.0,0.0,1.3581081081081081,1.4189189189189189
11.0,7.5,37,0.0,66.0,130.0,70.5,11.0,7.0,26.0,42.0,4.5,1.6,1.7307692307692308
11.0,9.166666666666666,34,0.0,67.0,148.0,73.0,11.0,1.0,12.0,22.0,6.0,1.2364864864864864,1.4797297297297298
9.0,10.0,32,0.0,72.5,196.0,74.5,11.0,7.0,14.0,22.0,2.0,1.3316326530612246,1.433673469387755
3.0,6.666666666666667,59,1.0,65.0,148.0,65.0,11.0,1.0,0.0,11.0,0.0,1.0,1.0
7.0,1.1111111111111112,42,0.0,71.0,192.0,74.0,11.0,5.0,15.0,25.0,3.0,1.3802083333333333,1.4010416666666667
5.0,2.5,32,0.0,72.0,165.0,73.0,5.0,1.0,20.0,70.0,1.0,1.303030303030303,1.4545454545454546
7.0,8.333333333333334,41,0.0,73.0,182.0,72.5,11.0,11.0,14.0,30.0,-0.5,1.3681318681318682,1.5494505494505495
9.0,5.555555555555555,29,1.0,67.0,115.0,66.5,5.0,1.0,14.0,14.0,-0.5,1.4608695652173913,1.3304347826086955
5.0,7.777777777777778,34,0.0,74.0,180.0,73.0,9.0,1.0,14.0,30.0,-1.0,1.3333333333333333,1.4444444444444444
10.0,5.0,28,0.0,76.0,198.0,81.0,5.0,0.0,13.0,21.0,5.0,1.1262626262626263,1.404040404040404
9.0,6.666666666666667,41,0.0,71.26,156.83,72.83,11.0,3.0,12.0,25.0,1.5699999999999932,1.3373716763374355,1.6185041127335331
3.0,2.2222222222222223,36,0.0,71.0,180.0,71.0,9.0,0.0,11.0,31.0,0.0,1.1388888888888888,1.3555555555555556
9.0,10.0,36,0.0,67.0,150.0,66.0,11.0,3.0,21.0,34.0,-1.0,1.58,1.7333333333333334
6.0,3.3333333333333335,39,1.0,67.0,145.0,64.0,11.0,3.0,11.0,13.0,-3.0,1.4482758620689655,1.4482758620689655
5.0,1.6666666666666667,24,1.0,62.5,119.0,62.5,3.0,0.0,7.0,20.0,0.0,1.2100840336134453,1.1680672268907564
7.0,5.0,35,0.0,57.0,145.0,59.0,11.0,1.0,13.0,56.0,2.0,,1.4137931034482758
8.0,3.3333333333333335,28,0.0,72.0,180.0,72.0,3.0,1.0,14.0,26.0,0.0,1.3333333333333333,1.6333333333333333
3.0,2.3333333333333335,51,0.0,71.5,165.0,73.0,11.0,1.0,14.0,32.0,1.5,1.5454545454545454,1.4545454545454546
8.0,0.0,31,0.0,72.0,177.0,73.0,5.0,1.0,16.0,39.0,1.0,1.3728813559322033,1.7457627118644068
11.0,4.166666666666667,30,0.0,67.0,140.0,69.0,11.0,7.0,21.0,26.0,2.0,1.6071428571428572,1.6428571428571428
5.0,1.6666666666666667,27,1.0,64.0,113.0,64.75,3.0,0.0,10.0,24.0,0.75,1.3539823008849559,1.3185840707964602
12.0,4.166666666666667,22,0.0,73.0,175.0,73.0,11.0,5.0,25.0,35.0,0.0,1.7142857142857144,2.0
5.0,7.5,43,0.0,72.0,176.0,72.0,11.0,5.0,25.0,23.0,0.0,1.2272727272727273,1.3977272727272727
7.0,6.666666666666667,26,0.0,68.0,145.0,73.0,1.0,1.0,20.0,36.0,5.0,1.3655172413793104,1.4827586206896552
8.0,,32,1.0,62.0,135.0,62.0,9.0,1.0,13.0,20.0,0.0,1.2592592592592593,1.3703703703703702
8.0,6.666666666666667,30,1.0,66.0,142.0,64.0,7.0,7.0,,,-2.0,1.563380281690141,1.352112676056338
8.0,4.166666666666667,47,0.0,69.0,169.0,71.0,11.0,9.0,18.0,41.0,2.0,1.532544378698225,1.532544378698225
9.0,0.0,28,1.0,63.0,130.0,64.0,5.0,3.0,14.0,20.0,1.0,1.6153846153846154,1.5769230769230769
6.0,2.2222222222222223,29,0.0,70.0,174.0,71.0,5.0,1.0,12.0,36.0,1.0,1.2528735632183907,1.5114942528735633
8.0,20.0,38,0.0,69.0,165.0,72.0,9.0,7.0,14.0,31.0,3.0,1.606060606060606,1.6363636363636362
6.0,4.166666666666667,41,0.0,68.5,148.0,69.75,11.0,1.0,14.0,29.0,1.25,1.2702702702702702,1.5405405405405406
10.0,8.333333333333334,31,0.0,70.0,170.0,70.0,11.0,7.0,15.0,35.0,0.0,1.776470588235294,1.6235294117647059
3.0,5.0,32,0.0,76.0,198.0,,5.0,1.0,2.0,15.0,,1.0151515151515151,1.0757575757575757
6.0,4.444444444444445,29,0.0,68.0,140.0,68.0,5.0,3.0,17.0,33.0,0.0,1.3928571428571428,1.5785714285714287
9.0,2.0833333333333335,33,0.0,73.0,160.0,74.0,5.0,3.0,8.0,13.0,1.0,1.53125,1.3125
4.0,6.666666666666667,43,0.0,74.0,197.0,72.0,11.0,3.0,9.0,20.0,-2.0,1.2791878172588833,1.2791878172588833
9.0,20.833333333333332,42,0.0,70.0,195.0,72.0,11.0,11.0,10.0,10.0,2.0,1.4102564102564101,1.282051282051282
7.0,8.333333333333334,39,0.0,69.0,164.0,69.5,11.0,5.0,15.0,41.0,0.5,1.4268292682926829,1.3963414634146343
5.0,0.5,35,1.0,64.0,138.0,66.0,7.0,5.0,8.0,16.0,2.0,1.318840579710145,1.289855072463768
10.0,16.666666666666668,42,1.0,62.0,117.0,62.0,11.0,5.0,18.0,35.0,0.0,1.5811965811965814,1.5555555555555556
10.0,5.0,32,1.0,61.0,108.0,62.0,11.0,11.0,14.0,30.0,1.0,1.8796296296296298,1.6481481481481481
4.0,6.25,52,0.0,66.5,150.0,68.0,11.0,3.0,18.0,35.0,1.5,1.2866666666666666,1.4666666666666668
8.0,1.3333333333333333,19,0.0,71.0,150.0,72.0,1.0,1.0,18.0,20.0,1.0,1.3,1.6333333333333333
10.0,5.0,29,0.0,66.0,153.0,68.0,9.0,3.0,23.0,31.0,2.0,1.607843137254902,1.8627450980392157
5.0,3.3333333333333335,17,0.0,69.0,130.0,71.0,1.0,0.0,13.0,22.0,2.0,1.3076923076923077,1.5076923076923077
3.0,0.0,21,0.0,69.0,154.0,67.0,0.0,0.0,17.0,53.0,-2.0,1.275974025974026,1.6103896103896105
4.0,0.3333333333333333,30,0.0,71.0,178.0,71.0,1.0,1.0,11.0,35.0,0.0,,
5.0,,33,0.0,,154.0,,7.0,1.0,11.0,32.0,,1.7142857142857144,1.2857142857142856
4.0,4.444444444444445,30,0.0,66.5,145.0,67.1,1.0,1.0,23.0,40.0,0.5999999999999943,1.0413793103448277,1.5310344827586206
6.0,1.6666666666666667,30,0.0,72.0,165.0,72.0,3.0,1.0,17.0,50.0,0.0,1.1818181818181819,1.4545454545454546
9.0,2.5,24,0.0,72.44,176.0,73.23,11.0,11.0,23.0,40.0,0.7900000000000063,1.8977272727272727,1.6761363636363638
8.0,5.0,34,0.0,67.3,141.0,68.0,5.0,1.0,20.0,60.0,0.7000000000000028,1.2836879432624113,1.2836879432624113
7.0,11.666666666666666,28,0.0,71.0,165.0,74.0,7.0,1.0,12.0,19.0,3.0,1.2121212121212122,1.3333333333333333
10.0,10.0,34,0.0,66.0,135.0,64.0,11.0,5.0,22.0,50.0,-2.0,1.7777777777777777,1.8148148148148149
8.0,4.166666666666667,27,1.0,67.0,135.0,67.0,11.0,1.0,12.0,18.0,0.0,1.4074074074074074,1.3703703703703702
5.0,2.0,37,1.0,62.0,118.0,62.0,9.0,1.0,8.0,8.0,0.0,1.1271186440677967,1.3898305084745763
6.0,2.7777777777777777,35,0.0,67.0,137.0,66.5,11.0,3.0,16.0,34.0,-0.5,1.4744525547445255,1.5474452554744524
4.0,4.166666666666667,51,0.0,70.0,166.0,71.5,11.0,5.0,10.0,16.0,1.5,1.2710843373493976,1.3734939759036144
6.0,5.0,39,0.0,68.0,155.0,70.0,5.0,1.0,17.0,31.0,2.0,1.2258064516129032,1.5483870967741935
10.0,6.666666666666667,36,0.0,66.0,135.0,67.0,11.0,5.0,24.0,48.0,1.0,1.5925925925925926,1.7777777777777777
5.0,5.0,28,0.0,67.0,130.0,67.0,3.0,1.0,20.0,50.0,0.0,1.5384615384615383,1.8846153846153846
3.0,0.4166666666666667,29,1.0,60.75,103.0,60.0,1.0,1.0,12.0,19.0,-0.75,1.145631067961165,1.4077669902912622
5.0,,48,1.0,63.0,125.0,63.0,11.0,1.0,7.0,15.0,0.0,1.28,1.176
10.0,6.666666666666667,25,0.0,73.0,166.0,74.0,5.0,1.0,32.0,48.0,1.0,1.4518072289156627,1.8132530120481927
7.0,16.666666666666668,34,0.0,68.89,160.0,70.0,7.0,3.0,17.0,34.0,1.1099999999999994,1.43125,1.65
10.0,10.0,24,0.0,72.0,172.0,76.0,3.0,1.0,24.0,37.0,4.0,1.5813953488372094,1.8284883720930232
9.0,5.416666666666667,28,0.0,67.5,163.0,67.5,11.0,7.0,14.0,41.0,0.0,1.6748466257668713,1.705521472392638
4.0,2.5555555555555554,55,0.0,66.9,131.0,70.0,11.0,5.0,27.0,28.0,3.0999999999999943,1.3893129770992365,1.6488549618320612
10.0,6.25,48,0.0,68.0,152.0,68.0,11.0,11.0,18.0,37.0,0.0,1.756578947368421,1.5723684210526314
9.0,5.555555555555555,22,0.0,72.0,187.0,74.0,1.0,1.0,28.0,60.0,2.0,1.5454545454545454,1.7647058823529411
11.0,15.0,29,1.0,64.0,123.0,68.0,7.0,1.0,,,4.0,1.6097560975609757,1.4471544715447155
6.0,5.0,36,1.0,65.0,150.0,65.0,11.0,1.0,7.0,13.0,0.0,1.3,1.2333333333333334
7.0,5.833333333333333,42,0.0,70.0,160.0,74.0,11.0,11.0,20.0,,4.0,1.375,1.4375
5.0,4.444444444444445,24,0.0,70.5,150.0,72.5,3.0,1.0,15.0,30.0,2.0,1.2,1.5833333333333335
12.0,8.333333333333334,32,0.0,75.0,167.0,78.0,11.0,11.0,16.0,10.0,3.0,1.5988023952095807,1.4790419161676647
3.0,3.888888888888889,32,0.0,75.0,198.0,,7.0,1.0,12.0,31.0,,1.121212121212121,1.2777777777777777
7.0,4.0,31,0.0,70.0,131.0,67.0,11.0,7.0,18.0,33.0,-3.0,1.618320610687023,1.6488549618320612
5.0,3.0,33,0.0,73.0,187.0,72.0,5.0,5.0,13.0,25.0,-1.0,1.1871657754010696,1.4545454545454546
10.0,6.111111111111111,41,0.0,69.0,150.0,70.0,11.0,7.0,17.0,31.0,1.0,1.6,1.5333333333333332
8.0,4.0,28,0.0,70.0,185.0,75.0,3.0,1.0,18.0,35.0,5.0,1.4324324324324325,1.4864864864864864
8.0,3.3333333333333335,28,0.0,68.0,160.0,69.0,7.0,3.0,16.0,25.0,1.0,1.4875,1.8
5.0,2.0833333333333335,32,0.0,72.0,180.0,74.0,11.0,7.0,16.0,31.0,2.0,1.3333333333333333,1.5555555555555556
4.0,2.0,50,0.0,67.5,168.0,68.5,11.0,1.0,4.0,5.0,1.0,1.0595238095238095,1.0595238095238095
8.0,4.166666666666667,28,1.0,67.0,137.0,67.0,11.0,3.0,15.0,26.0,0.0,1.510948905109489,1.4014598540145986
6.0,10.0,31,0.0,69.0,162.0,71.0,5.0,1.0,14.0,30.0,2.0,1.3395061728395061,1.5555555555555556
5.0,3.3333333333333335,34,0.0,71.0,175.0,71.0,3.0,1.0,17.0,52.0,0.0,1.3542857142857143,1.5714285714285714
5.0,0.8333333333333334,29,0.0,66.5,149.0,68.2,5.0,1.0,21.0,39.0,1.7000000000000028,1.4161073825503356,1.7046979865771812
8.0,6.666666666666667,32,0.0,71.0,188.0,72.0,9.0,7.0,12.0,31.0,1.0,1.2659574468085106,1.372340425531915
12.0,4.166666666666667,36,1.0,65.0,105.0,68.0,9.0,5.0,14.0,25.0,3.0,1.4761904761904763,1.4
8.0,2.5,38,0.0,72.0,163.0,72.0,11.0,11.0,19.0,26.0,0.0,1.50920245398773,1.441717791411043
10.0,12.5,29,0.0,76.0,205.0,81.0,5.0,1.0,12.0,16.0,5.0,1.1951219512195121,1.4878048780487805
4.0,5.0,52,0.0,71.0,176.0,73.0,9.0,3.0,11.0,18.0,2.0,1.1704545454545454,1.3125
8.0,8.333333333333334,35,0.0,67.0,145.0,,11.0,5.0,17.0,33.0,,1.5172413793103448,1.5517241379310345
8.0,5.833333333333333,22,0.0,70.0,170.0,72.0,5.0,3.0,21.0,33.0,2.0,1.6176470588235294,1.6176470588235294
10.0,11.666666666666666,25,0.0,73.0,170.0,74.0,7.0,1.0,33.0,58.0,1.0,1.7058823529411766,1.8529411764705883
4.0,1.6666666666666667,33,0.0,72.0,175.0,70.0,7.0,3.0,11.0,31.0,-2.0,1.2285714285714286,1.3542857142857143
9.0,8.333333333333334,32,0.0,66.0,156.0,66.0,7.0,5.0,12.0,25.0,0.0,1.5128205128205128,1.6730769230769231
7.0,4.166666666666667,27,1.0,62.0,141.0,67.0,5.0,1.0,12.0,23.0,5.0,1.4397163120567376,1.4397163120567376
13.0,4.166666666666667,25,0.0,70.8,147.0,74.0,11.0,1.0,14.0,30.0,3.200000000000003,1.598639455782313,1.598639455782313
8.0,12.5,29,0.0,72.0,176.0,73.0,11.0,5.0,12.0,44.0,1.0,1.4545454545454546,1.5397727272727273
7.0,5.833333333333333,39,0.0,73.0,155.0,77.0,11.0,9.0,7.0,35.0,4.0,1.4193548387096775,1.2903225806451613
7.0,2.7777777777777777,32,0.0,73.0,158.0,72.0,11.0,3.0,15.0,25.0,-1.0,1.2088607594936709,1.4430379746835442
7.0,8.333333333333334,39,0.0,69.0,170.0,69.5,11.0,5.0,15.0,40.0,0.5,1.5,1.3529411764705883
10.0,3.3333333333333335,26,0.0,71.0,161.0,79.0,9.0,5.0,19.0,26.0,8.0,1.6832298136645962,1.7577639751552794
10.0,5.555555555555555,26,0.0,71.0,161.0,79.0,11.0,5.0,19.0,26.0,8.0,1.7142857142857144,1.7515527950310559
7.0,1.6666666666666667,35,0.0,70.4,146.0,70.0,7.0,3.0,12.0,35.0,-0.4000000000000057,1.5616438356164384,1.6369863013698631
7.0,0.8333333333333334,30,0.0,71.5,165.0,73.0,5.0,3.0,20.0,87.0,1.5,1.9393939393939394,1.8181818181818183
5.0,3.3333333333333335,30,0.0,71.0,155.0,73.0,5.0,1.0,17.0,27.0,2.0,1.064516129032258,1.5483870967741935
9.0,6.666666666666667,33,1.0,63.5,140.0,64.0,11.0,3.0,11.0,4.0,0.5,1.3785714285714286,1.25
13.0,6.25,25,0.0,70.5,153.0,74.0,11.0,11.0,21.0,32.0,3.5,2.0784313725490193,1.915032679738562
7.0,13.0,30,1.0,62.0,119.0,62.0,5.0,3.0,13.0,16.0,0.0,1.46218487394958,1.3781512605042017
8.0,1.25,27,0.0,73.0,145.0,76.0,7.0,1.0,17.0,25.0,3.0,1.4827586206896552,1.4827586206896552
